#AlleleID	Type	Name	GeneID	GeneSymbol	HGNC_ID	ClinicalSignificance	ClinSigSimple	LastEvaluated	RS# (dbSNP)	nsv/esv (dbVar)	RCVaccession	PhenotypeIDS	PhenotypeList	Origin	OriginSimple	Assembly	ChromosomeAccession	Chromosome	Start	Stop	ReferenceAllele	AlternateAllele	Cytogenetic	ReviewStatus	NumberSubmitters	Guidelines	TestedInGTR	OtherIDs	SubmitterCategories	VariationID	PositionVCF	ReferenceAlleleVCF	AlternateAlleleVCF	SomaticClinicalImpact	SomaticClinicalImpactLastEvaluated	ReviewStatusClinicalImpact	Oncogenicity	OncogenicityLastEvaluated	ReviewStatusOncogenicity	SCVsForAggregateGermlineClassification	SCVsForAggregateSomaticClinicalImpact	SCVsForAggregateOncogenicityClassification
22144	Deletion	NM_000492.3(CFTR):c.1521_1523del (p.Phe508del)	1080	CFTR	HGNC:1884	Pathogenic	1	Mar 03, 2004	113993960	-	RCV000007523|RCV000007524|RCV000058929|RCV000119038|RCV000626692|RCV000626693|RCV001004459|RCV001787370|RCV001642198|RCV001831519|RCV001787371|RCV002251888|RCV002243627|RCV002490332|RCV003227599|RCV003444054|RCV005865162	MONDO:MONDO:0009061,MedGen:C0010674,OMIM:219700,Orphanet:586|MedGen:C4017631|MedGen:C3661900|MONDO:MONDO:0008185,MedGen:C0238339,OMIM:167800,Orphanet:676|Human Phenotype Ontology:HP:0005205,Human Phenotype Ontology:HP:0010449,Human Phenotype Ontology:HP:0100867,MedGen:C0238093|Human Phenotype Ontology:HP:0100027,MedGen:C4551632|MONDO:MONDO:0010178,MedGen:C0403814,OMIM:277180,Orphanet:48;MONDO:MONDO:0009061,MedGen:C0010674,OMIM:219700,Orphanet:586|MedGen:CN322746|Human Phenotype Ontology:HP:0011962,MedGen:C4023106|MONDO:MONDO:7770004,MedGen:C5924204|||MONDO:MONDO:0008185,MedGen:C0238339,OMIM:167800,Orphanet:676;MONDO:MONDO:0009061,MedGen:C0010674,OMIM:219700,Orphanet:586|MONDO:MONDO:0010178,MedGen:C0403814,OMIM:277180,Orphanet:48;MONDO:MONDO:0008185,MedGen:C0238339,OMIM:167800,Orphanet:676;MONDO:MONDO:0009061,MedGen:C0010674,OMIM:219700,Orphanet:586;MONDO:MONDO:0008887,MedGen:C2749757,OMIM:211400,Orphanet:60033|MONDO:MONDO:0010178,MedGen:C0403814,OMIM:277180,Orphanet:48|MONDO:MONDO:0008887,MedGen:C2749757,OMIM:211400,Orphanet:60033|	Cystic fibrosis|BRONCHIECTASIS WITH OR WITHOUT ELEVATED SWEAT CHLORIDE 1, MODIFIER OF|not provided|Hereditary pancreatitis|Duodenal stenosis|Recurrent pancreatitis|Congenital bilateral aplasia of vas deferens from CFTR mutation;Cystic fibrosis|ivacaftor / lumacaftor response - Efficacy|Obstructive azoospermia|CFTR-related disorder|ivacaftor / tezacaftor response - Efficacy|See cases|Hereditary pancreatitis;Cystic fibrosis|Congenital bilateral aplasia of vas deferens from CFTR mutation;Hereditary pancreatitis;Cystic fibrosis;Bronchiectasis with or without elevated sweat chloride 1|Congenital bilateral aplasia of vas deferens from CFTR mutation|Bronchiectasis with or without elevated sweat chloride 1|Cystic fibrosis diagnostic test	germline;inherited;maternal;paternal;unknown	germline	GRCh37	NC_000007.13	7	117199645	117199647	na	na	7q31.2	practice guideline	86	-	Y	ClinPGx Clinical Annotation:981755820,ClinGen:CA118639,OMIM:602421.0001,ClinVar:634837	3	7105	117199644	ATCT	A	-	-	-	-	-	-	SCV000071392	-	-
22144	Deletion	NM_000492.3(CFTR):c.1521_1523del (p.Phe508del)	1080	CFTR	HGNC:1884	Pathogenic	1	Mar 03, 2004	113993960	-	RCV000007523|RCV000007524|RCV000058929|RCV000119038|RCV000626692|RCV000626693|RCV001004459|RCV001787370|RCV001642198|RCV001831519|RCV001787371|RCV002251888|RCV002243627|RCV002490332|RCV003227599|RCV003444054|RCV005865162	MONDO:MONDO:0009061,MedGen:C0010674,OMIM:219700,Orphanet:586|MedGen:C4017631|MedGen:C3661900|MONDO:MONDO:0008185,MedGen:C0238339,OMIM:167800,Orphanet:676|Human Phenotype Ontology:HP:0005205,Human Phenotype Ontology:HP:0010449,Human Phenotype Ontology:HP:0100867,MedGen:C0238093|Human Phenotype Ontology:HP:0100027,MedGen:C4551632|MONDO:MONDO:0010178,MedGen:C0403814,OMIM:277180,Orphanet:48;MONDO:MONDO:0009061,MedGen:C0010674,OMIM:219700,Orphanet:586|MedGen:CN322746|Human Phenotype Ontology:HP:0011962,MedGen:C4023106|MONDO:MONDO:7770004,MedGen:C5924204|||MONDO:MONDO:0008185,MedGen:C0238339,OMIM:167800,Orphanet:676;MONDO:MONDO:0009061,MedGen:C0010674,OMIM:219700,Orphanet:586|MONDO:MONDO:0010178,MedGen:C0403814,OMIM:277180,Orphanet:48;MONDO:MONDO:0008185,MedGen:C0238339,OMIM:167800,Orphanet:676;MONDO:MONDO:0009061,MedGen:C0010674,OMIM:219700,Orphanet:586;MONDO:MONDO:0008887,MedGen:C2749757,OMIM:211400,Orphanet:60033|MONDO:MONDO:0010178,MedGen:C0403814,OMIM:277180,Orphanet:48|MONDO:MONDO:0008887,MedGen:C2749757,OMIM:211400,Orphanet:60033|	Cystic fibrosis|BRONCHIECTASIS WITH OR WITHOUT ELEVATED SWEAT CHLORIDE 1, MODIFIER OF|not provided|Hereditary pancreatitis|Duodenal stenosis|Recurrent pancreatitis|Congenital bilateral aplasia of vas deferens from CFTR mutation;Cystic fibrosis|ivacaftor / lumacaftor response - Efficacy|Obstructive azoospermia|CFTR-related disorder|ivacaftor / tezacaftor response - Efficacy|See cases|Hereditary pancreatitis;Cystic fibrosis|Congenital bilateral aplasia of vas deferens from CFTR mutation;Hereditary pancreatitis;Cystic fibrosis;Bronchiectasis with or without elevated sweat chloride 1|Congenital bilateral aplasia of vas deferens from CFTR mutation|Bronchiectasis with or without elevated sweat chloride 1|Cystic fibrosis diagnostic test	germline;inherited;maternal;paternal;unknown	germline	GRCh38	NC_000007.14	7	117559591	117559593	na	na	7q31.2	practice guideline	86	-	Y	ClinPGx Clinical Annotation:981755820,ClinGen:CA118639,OMIM:602421.0001,ClinVar:634837	3	7105	117559590	ATCT	A	-	-	-	-	-	-	SCV000071392	-	-
22147	single nucleotide variant	NM_000492.4(CFTR):c.328G>C (p.Asp110His)	1080	CFTR	HGNC:1884	Pathogenic; drug response	1	Mar 24, 2021	113993958	-	RCV000007527|RCV000058930|RCV000660769|RCV000780153|RCV001004427|RCV001009392|RCV002247259|RCV001835624|RCV003473000|RCV005042001	MONDO:MONDO:0009061,MedGen:C0010674,OMIM:219700,Orphanet:586|MedGen:C3661900|MedGen:CN322735|MedGen:CN169374|MONDO:MONDO:0009061,MedGen:C0010674,OMIM:219700,Orphanet:586;MONDO:MONDO:0010178,MedGen:C0403814,OMIM:277180,Orphanet:48|MONDO:MONDO:0009061,MedGen:C0010674,OMIM:219700,Orphanet:586;MONDO:MONDO:7770004,MedGen:C5924204|MONDO:MONDO:0008185,MedGen:C0238339,OMIM:167800,Orphanet:676|MONDO:MONDO:7770004,MedGen:C5924204|MONDO:MONDO:0008887,MedGen:C2749757,OMIM:211400,Orphanet:60033|MONDO:MONDO:0009061,MedGen:C0010674,OMIM:219700,Orphanet:586;MONDO:MONDO:0010178,MedGen:C0403814,OMIM:277180,Orphanet:48;MONDO:MONDO:0008185,MedGen:C0238339,OMIM:167800,Orphanet:676;MONDO:MONDO:0008887,MedGen:C2749757,OMIM:211400,Orphanet:60033	Cystic fibrosis|not provided|ivacaftor response - Efficacy|not specified|Cystic fibrosis;Congenital bilateral aplasia of vas deferens from CFTR mutation|Cystic fibrosis;CFTR-related disorder|Hereditary pancreatitis|CFTR-related disorder|Bronchiectasis with or without elevated sweat chloride 1|Cystic fibrosis;Congenital bilateral aplasia of vas deferens from CFTR mutation;Hereditary pancreatitis;Bronchiectasis with or without elevated sweat chloride 1	germline;inherited;unknown	germline	GRCh37	NC_000007.13	7	117171007	117171007	na	na	7q31.2	reviewed by expert panel	19	-	N	ClinGen:CA284835,UniProtKB:P13569#VAR_000119,OMIM:602421.0004	3	7108	117171007	G	C	-	-	-	-	-	-	SCV000071497|SCV000783008	-	-
22147	single nucleotide variant	NM_000492.4(CFTR):c.328G>C (p.Asp110His)	1080	CFTR	HGNC:1884	Pathogenic; drug response	1	Mar 24, 2021	113993958	-	RCV000007527|RCV000058930|RCV000660769|RCV000780153|RCV001004427|RCV001009392|RCV002247259|RCV001835624|RCV003473000|RCV005042001	MONDO:MONDO:0009061,MedGen:C0010674,OMIM:219700,Orphanet:586|MedGen:C3661900|MedGen:CN322735|MedGen:CN169374|MONDO:MONDO:0009061,MedGen:C0010674,OMIM:219700,Orphanet:586;MONDO:MONDO:0010178,MedGen:C0403814,OMIM:277180,Orphanet:48|MONDO:MONDO:0009061,MedGen:C0010674,OMIM:219700,Orphanet:586;MONDO:MONDO:7770004,MedGen:C5924204|MONDO:MONDO:0008185,MedGen:C0238339,OMIM:167800,Orphanet:676|MONDO:MONDO:7770004,MedGen:C5924204|MONDO:MONDO:0008887,MedGen:C2749757,OMIM:211400,Orphanet:60033|MONDO:MONDO:0009061,MedGen:C0010674,OMIM:219700,Orphanet:586;MONDO:MONDO:0010178,MedGen:C0403814,OMIM:277180,Orphanet:48;MONDO:MONDO:0008185,MedGen:C0238339,OMIM:167800,Orphanet:676;MONDO:MONDO:0008887,MedGen:C2749757,OMIM:211400,Orphanet:60033	Cystic fibrosis|not provided|ivacaftor response - Efficacy|not specified|Cystic fibrosis;Congenital bilateral aplasia of vas deferens from CFTR mutation|Cystic fibrosis;CFTR-related disorder|Hereditary pancreatitis|CFTR-related disorder|Bronchiectasis with or without elevated sweat chloride 1|Cystic fibrosis;Congenital bilateral aplasia of vas deferens from CFTR mutation;Hereditary pancreatitis;Bronchiectasis with or without elevated sweat chloride 1	germline;inherited;unknown	germline	GRCh38	NC_000007.14	7	117530953	117530953	na	na	7q31.2	reviewed by expert panel	19	-	N	ClinGen:CA284835,UniProtKB:P13569#VAR_000119,OMIM:602421.0004	3	7108	117530953	G	C	-	-	-	-	-	-	SCV000071497|SCV000783008	-	-
22154	single nucleotide variant	NM_000492.4(CFTR):c.1624G>T (p.Gly542Ter)	1080	CFTR	HGNC:1884	Pathogenic	1	Mar 03, 2004	113993959	-	RCV000007535|RCV000058931|RCV000119041|RCV000763572|RCV001004463|RCV001826428|RCV003473006|RCV005865164	MONDO:MONDO:0009061,MedGen:C0010674,OMIM:219700,Orphanet:586|MedGen:C3661900|MONDO:MONDO:0008185,MedGen:C0238339,OMIM:167800,Orphanet:676|MONDO:MONDO:0009061,MedGen:C0010674,OMIM:219700,Orphanet:586;MONDO:MONDO:0010178,MedGen:C0403814,OMIM:277180,Orphanet:48;MONDO:MONDO:0008185,MedGen:C0238339,OMIM:167800,Orphanet:676;MONDO:MONDO:0008887,MedGen:C2749757,OMIM:211400,Orphanet:60033|MONDO:MONDO:0009061,MedGen:C0010674,OMIM:219700,Orphanet:586;MONDO:MONDO:0010178,MedGen:C0403814,OMIM:277180,Orphanet:48|MONDO:MONDO:7770004,MedGen:C5924204|MONDO:MONDO:0008887,MedGen:C2749757,OMIM:211400,Orphanet:60033|	Cystic fibrosis|not provided|Hereditary pancreatitis|Cystic fibrosis;Congenital bilateral aplasia of vas deferens from CFTR mutation;Hereditary pancreatitis;Bronchiectasis with or without elevated sweat chloride 1|Cystic fibrosis;Congenital bilateral aplasia of vas deferens from CFTR mutation|CFTR-related disorder|Bronchiectasis with or without elevated sweat chloride 1|Cystic fibrosis diagnostic test	germline;inherited;paternal;unknown	germline	GRCh37	NC_000007.13	7	117227832	117227832	na	na	7q31.2	practice guideline	41	-	Y	ClinGen:CA284836,OMIM:602421.0009,OMIM:602421.0095	3	7115	117227832	G	T	-	-	-	-	-	-	SCV000071394	-	-
22154	single nucleotide variant	NM_000492.4(CFTR):c.1624G>T (p.Gly542Ter)	1080	CFTR	HGNC:1884	Pathogenic	1	Mar 03, 2004	113993959	-	RCV000007535|RCV000058931|RCV000119041|RCV000763572|RCV001004463|RCV001826428|RCV003473006|RCV005865164	MONDO:MONDO:0009061,MedGen:C0010674,OMIM:219700,Orphanet:586|MedGen:C3661900|MONDO:MONDO:0008185,MedGen:C0238339,OMIM:167800,Orphanet:676|MONDO:MONDO:0009061,MedGen:C0010674,OMIM:219700,Orphanet:586;MONDO:MONDO:0010178,MedGen:C0403814,OMIM:277180,Orphanet:48;MONDO:MONDO:0008185,MedGen:C0238339,OMIM:167800,Orphanet:676;MONDO:MONDO:0008887,MedGen:C2749757,OMIM:211400,Orphanet:60033|MONDO:MONDO:0009061,MedGen:C0010674,OMIM:219700,Orphanet:586;MONDO:MONDO:0010178,MedGen:C0403814,OMIM:277180,Orphanet:48|MONDO:MONDO:7770004,MedGen:C5924204|MONDO:MONDO:0008887,MedGen:C2749757,OMIM:211400,Orphanet:60033|	Cystic fibrosis|not provided|Hereditary pancreatitis|Cystic fibrosis;Congenital bilateral aplasia of vas deferens from CFTR mutation;Hereditary pancreatitis;Bronchiectasis with or without elevated sweat chloride 1|Cystic fibrosis;Congenital bilateral aplasia of vas deferens from CFTR mutation|CFTR-related disorder|Bronchiectasis with or without elevated sweat chloride 1|Cystic fibrosis diagnostic test	germline;inherited;paternal;unknown	germline	GRCh38	NC_000007.14	7	117587778	117587778	na	na	7q31.2	practice guideline	41	-	Y	ClinGen:CA284836,OMIM:602421.0009,OMIM:602421.0095	3	7115	117587778	G	T	-	-	-	-	-	-	SCV000071394	-	-
22165	single nucleotide variant	NM_000492.4(CFTR):c.1523T>G (p.Phe508Cys)	1080	CFTR	HGNC:1884	Conflicting classifications of pathogenicity	1	Jan 27, 2026	74571530	-	RCV000007546|RCV000078978|RCV001009496|RCV001327947|RCV001281707|RCV001642200|RCV002255993|RCV005229769	MONDO:MONDO:0009061,MedGen:C0010674,OMIM:219700,Orphanet:586|MedGen:CN169374|MONDO:MONDO:7770004,MedGen:C5924204|Human Phenotype Ontology:HP:0000789,MONDO:MONDO:0005047,MedGen:C0021359|MedGen:C3661900|Human Phenotype Ontology:HP:0011962,MedGen:C4023106|MONDO:MONDO:0008185,MedGen:C0238339,OMIM:167800,Orphanet:676|MONDO:MONDO:0010178,MedGen:C0403814,OMIM:277180,Orphanet:48;MONDO:MONDO:0008185,MedGen:C0238339,OMIM:167800,Orphanet:676;MONDO:MONDO:0009061,MedGen:C0010674,OMIM:219700,Orphanet:586;MONDO:MONDO:0008887,MedGen:C2749757,OMIM:211400,Orphanet:60033	Cystic fibrosis|not specified|CFTR-related disorder|Infertility disorder|not provided|Obstructive azoospermia|Hereditary pancreatitis|Congenital bilateral aplasia of vas deferens from CFTR mutation;Hereditary pancreatitis;Cystic fibrosis;Bronchiectasis with or without elevated sweat chloride 1	germline;unknown	germline	GRCh37	NC_000007.13	7	117199648	117199648	na	na	7q31.2	criteria provided, conflicting classifications	21	-	Y	ClinGen:CA146695,UniProtKB:P13569#VAR_000172,OMIM:602421.0025,ClinVar:1300167	3	7126	117199648	T	G	-	-	-	-	-	-	SCV000110845|SCV000284996|SCV000304473|SCV000538672|SCV000601049|SCV000608288|SCV000886893|SCV001169591|SCV001172405|SCV001323779|SCV001822059|SCV001860331|SCV001962090|SCV002507373|SCV002518210|SCV002529679|SCV003808092|SCV007308481	-	-
22165	single nucleotide variant	NM_000492.4(CFTR):c.1523T>G (p.Phe508Cys)	1080	CFTR	HGNC:1884	Conflicting classifications of pathogenicity	1	Jan 27, 2026	74571530	-	RCV000007546|RCV000078978|RCV001009496|RCV001327947|RCV001281707|RCV001642200|RCV002255993|RCV005229769	MONDO:MONDO:0009061,MedGen:C0010674,OMIM:219700,Orphanet:586|MedGen:CN169374|MONDO:MONDO:7770004,MedGen:C5924204|Human Phenotype Ontology:HP:0000789,MONDO:MONDO:0005047,MedGen:C0021359|MedGen:C3661900|Human Phenotype Ontology:HP:0011962,MedGen:C4023106|MONDO:MONDO:0008185,MedGen:C0238339,OMIM:167800,Orphanet:676|MONDO:MONDO:0010178,MedGen:C0403814,OMIM:277180,Orphanet:48;MONDO:MONDO:0008185,MedGen:C0238339,OMIM:167800,Orphanet:676;MONDO:MONDO:0009061,MedGen:C0010674,OMIM:219700,Orphanet:586;MONDO:MONDO:0008887,MedGen:C2749757,OMIM:211400,Orphanet:60033	Cystic fibrosis|not specified|CFTR-related disorder|Infertility disorder|not provided|Obstructive azoospermia|Hereditary pancreatitis|Congenital bilateral aplasia of vas deferens from CFTR mutation;Hereditary pancreatitis;Cystic fibrosis;Bronchiectasis with or without elevated sweat chloride 1	germline;unknown	germline	GRCh38	NC_000007.14	7	117559594	117559594	na	na	7q31.2	criteria provided, conflicting classifications	21	-	Y	ClinGen:CA146695,UniProtKB:P13569#VAR_000172,OMIM:602421.0025,ClinVar:1300167	3	7126	117559594	T	G	-	-	-	-	-	-	SCV000110845|SCV000284996|SCV000304473|SCV000538672|SCV000601049|SCV000608288|SCV000886893|SCV001169591|SCV001172405|SCV001323779|SCV001822059|SCV001860331|SCV001962090|SCV002507373|SCV002518210|SCV002529679|SCV003808092|SCV007308481	-	-
22173	Microsatellite	NM_000492.4(CFTR):c.1021_1022dup (p.Phe342fs)	1080	CFTR	HGNC:1884	Pathogenic	1	Mar 17, 2017	387906360	-	RCV000007554|RCV000723429|RCV001004249|RCV001831528|RCV003473014|RCV005031408	MONDO:MONDO:0009061,MedGen:C0010674,OMIM:219700,Orphanet:586|MedGen:C3661900|MONDO:MONDO:0009061,MedGen:C0010674,OMIM:219700,Orphanet:586;MONDO:MONDO:0010178,MedGen:C0403814,OMIM:277180,Orphanet:48|MONDO:MONDO:7770004,MedGen:C5924204|MONDO:MONDO:0008887,MedGen:C2749757,OMIM:211400,Orphanet:60033|MONDO:MONDO:0009061,MedGen:C0010674,OMIM:219700,Orphanet:586;MONDO:MONDO:0010178,MedGen:C0403814,OMIM:277180,Orphanet:48;MONDO:MONDO:0008185,MedGen:C0238339,OMIM:167800,Orphanet:676;MONDO:MONDO:0008887,MedGen:C2749757,OMIM:211400,Orphanet:60033	Cystic fibrosis|not provided|Cystic fibrosis;Congenital bilateral aplasia of vas deferens from CFTR mutation|CFTR-related disorder|Bronchiectasis with or without elevated sweat chloride 1|Cystic fibrosis;Congenital bilateral aplasia of vas deferens from CFTR mutation;Hereditary pancreatitis;Bronchiectasis with or without elevated sweat chloride 1	germline;maternal;unknown	germline	GRCh37	NC_000007.13	7	117180302	117180303	na	na	7q31.2	reviewed by expert panel	19	-	N	OMIM:602421.0030,ClinGen:CA340640	3	7134	117180302	A	ATC	-	-	-	-	-	-	SCV000071465	-	-
22173	Microsatellite	NM_000492.4(CFTR):c.1021_1022dup (p.Phe342fs)	1080	CFTR	HGNC:1884	Pathogenic	1	Mar 17, 2017	387906360	-	RCV000007554|RCV000723429|RCV001004249|RCV001831528|RCV003473014|RCV005031408	MONDO:MONDO:0009061,MedGen:C0010674,OMIM:219700,Orphanet:586|MedGen:C3661900|MONDO:MONDO:0009061,MedGen:C0010674,OMIM:219700,Orphanet:586;MONDO:MONDO:0010178,MedGen:C0403814,OMIM:277180,Orphanet:48|MONDO:MONDO:7770004,MedGen:C5924204|MONDO:MONDO:0008887,MedGen:C2749757,OMIM:211400,Orphanet:60033|MONDO:MONDO:0009061,MedGen:C0010674,OMIM:219700,Orphanet:586;MONDO:MONDO:0010178,MedGen:C0403814,OMIM:277180,Orphanet:48;MONDO:MONDO:0008185,MedGen:C0238339,OMIM:167800,Orphanet:676;MONDO:MONDO:0008887,MedGen:C2749757,OMIM:211400,Orphanet:60033	Cystic fibrosis|not provided|Cystic fibrosis;Congenital bilateral aplasia of vas deferens from CFTR mutation|CFTR-related disorder|Bronchiectasis with or without elevated sweat chloride 1|Cystic fibrosis;Congenital bilateral aplasia of vas deferens from CFTR mutation;Hereditary pancreatitis;Bronchiectasis with or without elevated sweat chloride 1	germline;maternal;unknown	germline	GRCh38	NC_000007.14	7	117540248	117540249	na	na	7q31.2	reviewed by expert panel	19	-	N	OMIM:602421.0030,ClinGen:CA340640	3	7134	117540248	A	ATC	-	-	-	-	-	-	SCV000071465	-	-
22212	single nucleotide variant	NM_000492.4(CFTR):c.1601C>A (p.Ala534Glu)	1080	CFTR	HGNC:1884	Uncertain significance	1	Aug 18, 2025	387906368	-	RCV000007593|RCV000755924|RCV001831543|RCV002482841|RCV003234896	MONDO:MONDO:0009061,MedGen:C0010674,OMIM:219700,Orphanet:586|MedGen:C3661900|MONDO:MONDO:7770004,MedGen:C5924204|MONDO:MONDO:0010178,MedGen:C0403814,OMIM:277180,Orphanet:48;MONDO:MONDO:0008185,MedGen:C0238339,OMIM:167800,Orphanet:676;MONDO:MONDO:0009061,MedGen:C0010674,OMIM:219700,Orphanet:586;MONDO:MONDO:0008887,MedGen:C2749757,OMIM:211400,Orphanet:60033|MedGen:CN169374	Cystic fibrosis|not provided|CFTR-related disorder|Congenital bilateral aplasia of vas deferens from CFTR mutation;Hereditary pancreatitis;Cystic fibrosis;Bronchiectasis with or without elevated sweat chloride 1|not specified	germline;unknown	germline	GRCh37	NC_000007.13	7	117227809	117227809	na	na	7q31.2	criteria provided, multiple submitters, no conflicts	11	-	N	ClinGen:CA325564,OMIM:602421.0069	3	7173	117227809	C	A	-	-	-	-	-	-	SCV000883599|SCV001713422|SCV002027420|SCV002709155|SCV002787167|SCV003284434|SCV003934566|SCV005918422|SCV007098672	-	-
22212	single nucleotide variant	NM_000492.4(CFTR):c.1601C>A (p.Ala534Glu)	1080	CFTR	HGNC:1884	Uncertain significance	1	Aug 18, 2025	387906368	-	RCV000007593|RCV000755924|RCV001831543|RCV002482841|RCV003234896	MONDO:MONDO:0009061,MedGen:C0010674,OMIM:219700,Orphanet:586|MedGen:C3661900|MONDO:MONDO:7770004,MedGen:C5924204|MONDO:MONDO:0010178,MedGen:C0403814,OMIM:277180,Orphanet:48;MONDO:MONDO:0008185,MedGen:C0238339,OMIM:167800,Orphanet:676;MONDO:MONDO:0009061,MedGen:C0010674,OMIM:219700,Orphanet:586;MONDO:MONDO:0008887,MedGen:C2749757,OMIM:211400,Orphanet:60033|MedGen:CN169374	Cystic fibrosis|not provided|CFTR-related disorder|Congenital bilateral aplasia of vas deferens from CFTR mutation;Hereditary pancreatitis;Cystic fibrosis;Bronchiectasis with or without elevated sweat chloride 1|not specified	germline;unknown	germline	GRCh38	NC_000007.14	7	117587755	117587755	na	na	7q31.2	criteria provided, multiple submitters, no conflicts	11	-	N	ClinGen:CA325564,OMIM:602421.0069	3	7173	117587755	C	A	-	-	-	-	-	-	SCV000883599|SCV001713422|SCV002027420|SCV002709155|SCV002787167|SCV003284434|SCV003934566|SCV005918422|SCV007098672	-	-
44501	Indel	NM_000492.4(CFTR):c.2051_2052delinsG (p.Lys684fs)	1080	CFTR	HGNC:1884	Pathogenic	1	Mar 17, 2017	121908799	-	RCV000029492|RCV000506221|RCV000763578|RCV006644361	MONDO:MONDO:0009061,MedGen:C0010674,OMIM:219700,Orphanet:586|MedGen:C3661900|MONDO:MONDO:0009061,MedGen:C0010674,OMIM:219700,Orphanet:586;MONDO:MONDO:0010178,MedGen:C0403814,OMIM:277180,Orphanet:48;MONDO:MONDO:0008185,MedGen:C0238339,OMIM:167800,Orphanet:676;MONDO:MONDO:0008887,MedGen:C2749757,OMIM:211400,Orphanet:60033|MONDO:MONDO:7770004,MedGen:C5924204	Cystic fibrosis|not provided|Cystic fibrosis;Congenital bilateral aplasia of vas deferens from CFTR mutation;Hereditary pancreatitis;Bronchiectasis with or without elevated sweat chloride 1|CFTR-related disorder	germline;inherited;unknown	germline	GRCh37	NC_000007.13	7	117232272	117232273	na	na	7q31.2	reviewed by expert panel	13	-	Y	ClinGen:CA325699	2	35837	117232272	AA	G	-	-	-	-	-	-	SCV000071471	-	-
44501	Indel	NM_000492.4(CFTR):c.2051_2052delinsG (p.Lys684fs)	1080	CFTR	HGNC:1884	Pathogenic	1	Mar 17, 2017	121908799	-	RCV000029492|RCV000506221|RCV000763578|RCV006644361	MONDO:MONDO:0009061,MedGen:C0010674,OMIM:219700,Orphanet:586|MedGen:C3661900|MONDO:MONDO:0009061,MedGen:C0010674,OMIM:219700,Orphanet:586;MONDO:MONDO:0010178,MedGen:C0403814,OMIM:277180,Orphanet:48;MONDO:MONDO:0008185,MedGen:C0238339,OMIM:167800,Orphanet:676;MONDO:MONDO:0008887,MedGen:C2749757,OMIM:211400,Orphanet:60033|MONDO:MONDO:7770004,MedGen:C5924204	Cystic fibrosis|not provided|Cystic fibrosis;Congenital bilateral aplasia of vas deferens from CFTR mutation;Hereditary pancreatitis;Bronchiectasis with or without elevated sweat chloride 1|CFTR-related disorder	germline;inherited;unknown	germline	GRCh38	NC_000007.14	7	117592218	117592219	na	na	7q31.2	reviewed by expert panel	13	-	Y	ClinGen:CA325699	2	35837	117592218	AA	G	-	-	-	-	-	-	SCV000071471	-	-
67846	single nucleotide variant	NM_000492.4(CFTR):c.1068G>A (p.Trp356Ter)	1080	CFTR	HGNC:1884	Pathogenic	1	Apr 06, 2023	397508150	-	RCV002284592|RCV003475329	MONDO:MONDO:0009061,MedGen:C0010674,OMIM:219700,Orphanet:586|MONDO:MONDO:0008887,MedGen:C2749757,OMIM:211400,Orphanet:60033	Cystic fibrosis|Bronchiectasis with or without elevated sweat chloride 1	unknown	unknown	GRCh37	NC_000007.13	7	117180352	117180352	na	na	7q31.2	criteria provided, multiple submitters, no conflicts	2	-	N	ClinGen:CA326384	2	1706062	117180352	G	A	-	-	-	-	-	-	SCV002574043|SCV004213533	-	-
67846	single nucleotide variant	NM_000492.4(CFTR):c.1068G>A (p.Trp356Ter)	1080	CFTR	HGNC:1884	Pathogenic	1	Apr 06, 2023	397508150	-	RCV002284592|RCV003475329	MONDO:MONDO:0009061,MedGen:C0010674,OMIM:219700,Orphanet:586|MONDO:MONDO:0008887,MedGen:C2749757,OMIM:211400,Orphanet:60033	Cystic fibrosis|Bronchiectasis with or without elevated sweat chloride 1	unknown	unknown	GRCh38	NC_000007.14	7	117540298	117540298	na	na	7q31.2	criteria provided, multiple submitters, no conflicts	2	-	N	ClinGen:CA326384	2	1706062	117540298	G	A	-	-	-	-	-	-	SCV002574043|SCV004213533	-	-
68168	single nucleotide variant	NM_000492.4(CFTR):c.2491-2A>G	1080	CFTR	HGNC:1884	Pathogenic/Likely pathogenic	1	Aug 01, 2024	397508386	-	RCV004575628|RCV006644947	MONDO:MONDO:0008887,MedGen:C2749757,OMIM:211400,Orphanet:60033|MONDO:MONDO:7770004,MedGen:C5924204	Bronchiectasis with or without elevated sweat chloride 1|CFTR-related disorder	germline;unknown	germline	GRCh37	NC_000007.13	7	117234982	117234982	na	na	7q31.2	criteria provided, multiple submitters, no conflicts	2	-	N	-	2	3241142	117234982	A	G	-	-	-	-	-	-	SCV005057458|SCV007536763	-	-
68168	single nucleotide variant	NM_000492.4(CFTR):c.2491-2A>G	1080	CFTR	HGNC:1884	Pathogenic/Likely pathogenic	1	Aug 01, 2024	397508386	-	RCV004575628|RCV006644947	MONDO:MONDO:0008887,MedGen:C2749757,OMIM:211400,Orphanet:60033|MONDO:MONDO:7770004,MedGen:C5924204	Bronchiectasis with or without elevated sweat chloride 1|CFTR-related disorder	germline;unknown	germline	GRCh38	NC_000007.14	7	117594928	117594928	na	na	7q31.2	criteria provided, multiple submitters, no conflicts	2	-	N	-	2	3241142	117594928	A	G	-	-	-	-	-	-	SCV005057458|SCV007536763	-	-
972000	single nucleotide variant	NM_000492.4(CFTR):c.3845G>A (p.Trp1282Ter)	1080	CFTR	HGNC:1884	Likely pathogenic	1	Sep 29, 2019	1792935619	-	RCV001263870	MONDO:MONDO:0009061,MedGen:C0010674,OMIM:219700,Orphanet:586	Cystic fibrosis	unknown	unknown	GRCh37	NC_000007.13	7	117282619	117282619	na	na	7q31.2	criteria provided, single submitter	1	-	N	ClinGen:CA368975455	2	983867	117282619	G	A	-	-	-	-	-	-	SCV001441968	-	-
972000	single nucleotide variant	NM_000492.4(CFTR):c.3845G>A (p.Trp1282Ter)	1080	CFTR	HGNC:1884	Likely pathogenic	1	Sep 29, 2019	1792935619	-	RCV001263870	MONDO:MONDO:0009061,MedGen:C0010674,OMIM:219700,Orphanet:586	Cystic fibrosis	unknown	unknown	GRCh38	NC_000007.14	7	117642565	117642565	na	na	7q31.2	criteria provided, single submitter	1	-	N	ClinGen:CA368975455	2	983867	117642565	G	A	-	-	-	-	-	-	SCV001441968	-	-
